Workbook

Sheet Summery
A1: Month Wise Productivity FY 26-27 | B1: Jun_26 | C1: Jul_26 | D1: Aug_26 | E1: Sep_26 | F1: Oct_26 | G1: Nov_26 | H1: Dec_26 | I1: Jan_27 | J1: Feb_27 | K1: Mar_27
A2: Total Inward Lines | B2: =Jun_26!AF10 -> 1974
A3: Total Outward Lines | B3: =Jun_26!AF20 -> 6976
A4: Total Lines | B4: =B3+B2 -> 8950
A5: Total Inward Qty | B5: =Jun_26!AF11 -> 29929
A6: Total Outward Qty | B6: =Jun_26!AF21 -> 24763
A7: Total Qty | B7: =B5+B6 -> 54692
A8: Total Direct Manhrs | B8: =Jun_26!AF9+Jun_26!AF19 -> 2455
A9: Lines per hour per person | B9: =IFERROR(B4/B8,"NA") -> 3.6456212 | C9: =IFERROR(C4/C8,"NA") -> NA | D9: =IFERROR(D4/D8,"NA") -> NA | E9: =IFERROR(E4/E8,"NA") -> NA | F9: =IFERROR(F4/F8,"NA") -> NA | G9: =IFERROR(G4/G8,"NA") -> NA | H9: =IFERROR(H4/H8,"NA") -> NA | I9: =IFERROR(I4/I8,"NA") -> NA | ... K9: =IFERROR(K4/K8,"NA") -> NA
A10: Target | B10: 4 | C10: 4 | D10: 4 | E10: 4 | F10: 4 | G10: 4 | H10: 4 | I10: 4 | J10: 4 | K10: 4
A11: Qty per hour per person | B11: =IFERROR(B7/B8,"NA") -> 22.2778 | C11: =IFERROR(C7/C8,"NA") -> NA | D11: =IFERROR(D7/D8,"NA") -> NA | E11: =IFERROR(E7/E8,"NA") -> NA | F11: =IFERROR(F7/F8,"NA") -> NA | G11: =IFERROR(G7/G8,"NA") -> NA | H11: =IFERROR(H7/H8,"NA") -> NA | I11: =IFERROR(I7/I8,"NA") -> NA | ... K11: =IFERROR(K7/K8,"NA") -> NA

Sheet Jun_26
A1: Godrej MHE Jun-26 | H1: W/Off | O1: W/Off | V1: W/Off | AC1: W/Off | AF1: Total
B2: 46174 | C2: =+B2+1 -> 46175 | D2: =+C2+1 -> 46176 | E2: =+D2+1 -> 46177 | F2: =+E2+1 -> 46178 | G2: =+F2+1 -> 46179 | H2: =+G2+1 -> 46180 | I2: =+H2+1 -> 46181 | J2: =+I2+1 -> 46182 | ... AE2: =+AD2+1 -> 46203
B3: =TEXT(B2,"ddd") -> Mon | C3: =TEXT(C2,"ddd") -> Tue | D3: =TEXT(D2,"ddd") -> Wed | E3: =TEXT(E2,"ddd") -> Thu | F3: =TEXT(F2,"ddd") -> Fri | G3: =TEXT(G2,"ddd") -> Sat | H3: =TEXT(H2,"ddd") -> Sun | I3: =TEXT(I2,"ddd") -> Mon | ... AE3: =TEXT(AE2,"ddd") -> Tue
A4: Inward
A6: Supervisor+DEO | B6: 0 | C6: 0 | D6: 6 | E6: 4 | F6: 5 | G6: 5 | H6: 0 | I6: 5 | J6: 5 | K6: 6 | L6: 5 | M6: 5 | N6: 6 | O6: 0 | P6: 6 | Q6: 7 | AF6: =SUM(B6:AE6) -> 65
A7: Unskilled+Associates | B7: 0 | C7: 7 | D7: 7 | E7: 7 | F7: 7 | G7: 6 | H7: 0 | I7: 8 | J7: 6 | K7: 8 | L7: 8 | M7: 8 | N7: 8 | O7: 0 | P7: 8 | Q7: 8 | AF7: =SUM(B7:AE7) -> 96
A8: Overtime (direct) Hours | B8: 0 | C8: 0 | D8: 0 | E8: 0 | F8: 11 | G8: 0 | H8: 0 | I8: 0 | J8: 0 | K8: 0 | L8: 0 | M8: 0 | N8: 0 | O8: 0 | P8: 0 | Q8: 0 | AF8: =SUM(B8:AE8) -> 11
A9: Manhours | B9: =SUM(B6:B7)*8+B8 -> 0 | C9: =SUM(C6:C7)*8+C8 -> 56 | D9: =SUM(D6:D7)*8+D8 -> 104 | E9: =SUM(E6:E7)*8+E8 -> 88 | F9: =SUM(F6:F7)*8+F8 -> 107 | G9: =SUM(G6:G7)*8+G8 -> 88 | H9: =SUM(H6:H7)*8+H8 -> 0 | I9: =SUM(I6:I7)*8+I8 -> 104 | ... AE9: =SUM(AE6:AE7)*8+AE8 -> 0 | AF9: =SUM(B9:AE9) -> 1299
A10: Lines Inward | B10: 0 | C10: 40 | D10: 152 | E10: 398 | F10: 131 | G10: 116 | H10: 0 | I10: 86 | J10: 88 | K10: 232 | L10: 112 | M10: 83 | N10: 110 | O10: 0 | P10: 243 | Q10: 183 | AF10: =SUM(B10:AE10) -> 1974
A11: Qty Inward | B11: 0 | C11: 912 | D11: 1662 | E11: 4077 | F11: 5179 | G11: 964 | H11: 0 | I11: 2657 | J11: 522 | K11: 2267 | L11: 1833 | M11: 687 | N11: 873 | O11: 0 | P11: 3206 | Q11: 5090 | AF11: =SUM(B11:AE11) -> 29929
A12: Lines per hour per person | B12: =IFERROR(B10/B9,"NA") -> NA | C12: =IFERROR(C10/C9,"NA") -> 0.71428571 | D12: =IFERROR(D10/D9,"NA") -> 1.4615385 | E12: =IFERROR(E10/E9,"NA") -> 4.5227273 | F12: =IFERROR(F10/F9,"NA") -> 1.2242991 | G12: =IFERROR(G10/G9,"NA") -> 1.3181818 | H12: =IFERROR(H10/H9,"NA") -> NA | I12: =IFERROR(I10/I9,"NA") -> 0.82692308 | ... AF12: =IFERROR(AF10/AF9,"NA") -> 1.5196305
A13: Qty per hour per person | B13: =IFERROR(B11/B9,"NA") -> NA | C13: =IFERROR(C11/C9,"NA") -> 16.285714 | D13: =IFERROR(D11/D9,"NA") -> 15.980769 | E13: =IFERROR(E11/E9,"NA") -> 46.329545 | F13: =IFERROR(F11/F9,"NA") -> 48.401869 | G13: =IFERROR(G11/G9,"NA") -> 10.954545 | H13: =IFERROR(H11/H9,"NA") -> NA | I13: =IFERROR(I11/I9,"NA") -> 25.548077 | ... AF13: =IFERROR(AF11/AF9,"NA") -> 23.040031
A14: Outward
A16: Supervisor+DEO | B16: 0 | C16: 5 | D16: 4 | E16: 4 | F16: 4 | G16: 4 | H16: 0 | I16: 6 | J16: 6 | K16: 5 | L16: 5 | M16: 5 | N16: 5 | O16: 0 | P16: 5 | Q16: 6 | AF16: =SUM(B16:AE16) -> 64
A17: Unskilled+Associates | B17: 0 | C17: 4 | D17: 7 | E17: 6 | F17: 6 | G17: 3 | H17: 0 | I17: 7 | J17: 3 | K17: 7 | L17: 8 | M17: 7 | N17: 7 | O17: 0 | P17: 6 | Q17: 8 | AF17: =SUM(B17:AE17) -> 79
A18: Overtime (direct) Hours | B18: 0 | C18: 0 | D18: 0 | E18: 0 | F18: 2 | G18: 0 | H18: 0 | I18: 0.5 | J18: 5 | K18: 1 | L18: 0 | M18: 1.5 | N18: 0 | O18: 0 | P18: 1 | Q18: 1 | AF18: =SUM(B18:AE18) -> 12
A19: Manhours | B19: =SUM(B16:B17)*8+B18 -> 0 | C19: =SUM(C16:C17)*8+C18 -> 72 | D19: =SUM(D16:D17)*8+D18 -> 88 | E19: =SUM(E16:E17)*8+E18 -> 80 | F19: =SUM(F16:F17)*8+F18 -> 82 | G19: =SUM(G16:G17)*8+G18 -> 56 | H19: =SUM(H16:H17)*8+H18 -> 0 | I19: =SUM(I16:I17)*8+I18 -> 104.5 | ... AE19: =SUM(AE16:AE17)*8+AE18 -> 0 | AF19: =SUM(B19:AE19) -> 1156
A20: Lines Dispacth | B20: 6 | C20: 373 | D20: 469 | E20: 456 | F20: 450 | G20: 739 | H20: 0 | I20: 549 | J20: 595 | K20: 463 | L20: 565 | M20: 638 | N20: 392 | O20: 0 | P20: 820 | Q20: 461 | AF20: =SUM(B20:AE20) -> 6976
A21: Qty Dispacth | B21: 13 | C21: 4022 | D21: 1519 | E21: 1373 | F21: 1584 | G21: 1918 | H21: 0 | I21: 1401 | J21: 2018 | K21: 1689 | L21: 1798 | M21: 1762 | N21: 1112 | O21: 0 | P21: 3146 | Q21: 1408 | AF21: =SUM(B21:AE21) -> 24763
A22: Lines per hour per person | B22: =IFERROR(B20/B19,"NA") -> NA | C22: =IFERROR(C20/C19,"NA") -> 5.1805556 | D22: =IFERROR(D20/D19,"NA") -> 5.3295455 | E22: =IFERROR(E20/E19,"NA") -> 5.7 | F22: =IFERROR(F20/F19,"NA") -> 5.4878049 | G22: =IFERROR(G20/G19,"NA") -> 13.196429 | H22: =IFERROR(H20/H19,"NA") -> NA | I22: =IFERROR(I20/I19,"NA") -> 5.2535885 | ... AF22: =IFERROR(AF20/AF19,"NA") -> 6.0346021
A23: Qty per hour per person | B23: =IFERROR(B21/B19,"NA") -> NA | C23: =IFERROR(C21/C19,"NA") -> 55.861111 | D23: =IFERROR(D21/D19,"NA") -> 17.261364 | E23: =IFERROR(E21/E19,"NA") -> 17.1625 | F23: =IFERROR(F21/F19,"NA") -> 19.317073 | G23: =IFERROR(G21/G19,"NA") -> 34.25 | H23: =IFERROR(H21/H19,"NA") -> NA | I23: =IFERROR(I21/I19,"NA") -> 13.406699 | ... AF23: =IFERROR(AF21/AF19,"NA") -> 21.42128
A24: Inventory
B25: MIC | C25: MIC | D25: MIC | G25: System Issue | K25: System Issue
A26: Supervisor+DEO | B26: 0 | C26: 0 | D26: 0 | E26: 2 | F26: 2 | G26: 0 | H26: 0 | I26: 2 | J26: 2 | K26: 0 | L26: 2 | M26: 2 | N26: 2 | O26: 0 | P26: 2 | Q26: 2 | R26: 2 | AF26: =SUM(B26:AE26) -> 20
A27: Unskilled+Associates | B27: 0 | C27: 0 | D27: 0 | E27: 2 | F27: 2 | G27: 0 | H27: 0 | I27: 1 | J27: 1 | K27: 0 | L27: 2 | M27: 2 | N27: 2 | O27: 0 | P27: 1 | Q27: 2 | R27: 1 | AF27: =SUM(B27:AE27) -> 16
A28: Manhours | B28: =SUM(B26:B27)*8 -> 0 | C28: =SUM(C26:C27)*8 -> 0 | D28: =SUM(D26:D27)*8 -> 0 | E28: =SUM(E26:E27)*8 -> 32 | F28: =SUM(F26:F27)*8 -> 32 | G28: =SUM(G26:G27)*8 -> 0 | H28: =SUM(H26:H27)*8 -> 0 | I28: =SUM(I26:I27)*8 -> 24 | ... AE28: =SUM(AE26:AE27)*8 -> 0 | AF28: =SUM(B28:AE28) -> 288
A29: Locations Counted | B29: 0 | C29: 0 | D29: 0 | E29: 777 | F29: 960 | G29: 0 | H29: 0 | I29: 1170 | J29: 612 | K29: 0 | L29: 922 | M29: 589 | N29: 648 | O29: 0 | P29: 701 | Q29: 719 | R29: 1015 | AF29: =SUM(B29:AE29) -> 8113
A30: Lines per hour per person | B30: =B29/B28 -> #DIV/0! | C30: =C29/C28 -> #DIV/0! | D30: =D29/D28 -> #DIV/0! | E30: =E29/E28 -> 24.28125 | F30: =F29/F28 -> 30 | G30: =G29/G28 -> #DIV/0! | H30: =H29/H28 -> #DIV/0! | I30: =I29/I28 -> 48.75 | ... AE30: =AE29/AE28 -> #DIV/0! | AF30: =IFERROR(AF29/AF28,"NA") -> 28.170139
A31: Safety
A33: Kiazen | B33: 0 | C33: 1 | D33: 0 | E33: 0 | F33: 0 | G33: 0 | H33: 0 | I33: 0 | J33: 0 | K33: 1 | L33: 0 | M33: 0 | N33: 0 | O33: 0 | P33: 0 | Q33: 0 | R33: 1 | AF33: =SUM(B33:AE33) -> 3
A34: Hazards | B34: 1 | C34: 2 | D34: 2 | E34: 1 | F34: 1 | G34: 0 | H34: 0 | I34: 0 | J34: 1 | K34: 1 | L34: 2 | M34: 1 | N34: 1 | O34: 0 | P34: 1 | Q34: 1 | R34: 1 | AF34: =SUM(B34:AE34) -> 16
A35: Nearmiss | B35: 0 | C35: 0 | D35: 0 | E35: 0 | F35: 0 | G35: 0 | H35: 0 | I35: 0 | J35: 0 | K35: 0 | L35: 0 | M35: 1 | N35: 0 | O35: 0 | P35: 0 | Q35: 0 | R35: 0 | AF35: =SUM(B35:AE35) -> 1
A36: Behaiviour Analysis | B36: 1 | C36: 1 | D36: 0 | E36: 1 | F36: 1 | G36: 1 | H36: 0 | I36: 0 | J36: 1 | K36: 0 | L36: 0 | M36: 1 | N36: 0 | O36: 0 | P36: 0 | Q36: 1 | R36: 1 | AF36: =SUM(B36:AE36) -> 9
A37: Training Hrs | B37: 0 | C37: 0 | D37: 0 | E37: 0 | F37: 0 | G37: 7.75 | H37: 0 | I37: 0 | J37: 0 | K37: 9 | L37: 0 | M37: 0 | N37: 8.75 | O37: 0 | P37: 0 | Q37: 0 | R37: 0 | AF37: =SUM(B37:AE37) -> 25.5
A38: SCM/Audit | B38: N | C38: N | D38: N | E38: N | F38: N | G38: N | H38: N | I38: N | J38: N | K38: N | L38: N | M38: N | N38: N | O38: N | P38: N | Q38: Y | R38: N | AF38: 1
